math,science,english,arts,commerce,coding_skill,communication,creativity,analytical,leadership,interest_tech,interest_science,interest_arts,interest_business,stress_tolerance,career_label
73,77,99,79,47,40,95,77,72,84,50,68,79,57,82,Teacher
73,97,66,56,48,41,71,49,82,89,64,89,25,52,92,Doctor
69,67,67,62,94,63,87,81,89,83,67,54,45,87,78,Entrepreneur
84,87,82,37,49,35,82,57,79,89,58,85,43,43,92,Doctor
99,61,66,49,92,33,58,35,93,73,46,51,26,84,80,Accountant
92,89,66,40,55,70,74,76,91,57,80,76,28,32,55,Mechanical Engineer
83,79,78,41,49,81,74,73,84,41,80,95,21,47,84,Data Scientist
54,59,93,68,60,44,83,84,77,69,49,77,62,37,71,Psychologist
59,45,64,87,40,40,67,91,54,65,63,30,96,60,62,Graphic Designer
89,82,51,32,58,58,73,68,85,60,83,94,24,51,75,Mechanical Engineer
87,85,51,38,60,46,70,63,83,52,96,75,44,58,65,Mechanical Engineer
87,85,75,42,39,31,71,62,72,69,41,98,46,47,77,Doctor
53,72,78,71,46,36,96,69,86,60,46,83,72,47,78,Psychologist
65,51,78,70,87,54,76,84,87,91,71,42,55,82,91,Entrepreneur
78,86,69,57,58,62,66,73,83,48,81,78,21,44,56,Mechanical Engineer
65,58,68,50,88,45,76,92,77,88,77,53,57,90,65,Entrepreneur
89,54,83,28,99,33,76,36,96,45,46,53,32,84,69,Accountant
97,82,59,44,56,77,61,73,75,60,96,81,35,44,62,Software Engineer
66,59,81,74,63,34,83,65,71,77,29,79,57,36,91,Psychologist
87,85,80,47,52,95,70,57,79,71,83,76,22,40,80,Software Engineer
76,60,84,68,55,38,82,76,88,87,53,59,46,71,74,Lawyer
92,73,77,41,62,65,72,69,96,66,89,85,44,62,76,Data Scientist
97,55,78,29,98,40,78,41,84,52,58,57,47,83,58,Accountant
67,58,55,82,54,36,68,87,54,57,75,30,93,57,65,Graphic Designer
83,95,80,32,38,46,83,69,78,63,66,88,47,32,66,Doctor
82,75,74,57,40,81,70,48,98,56,98,86,26,42,70,Software Engineer
64,68,97,45,69,35,89,59,74,74,52,34,42,82,65,Lawyer
93,83,80,45,51,86,69,71,80,50,80,89,43,52,74,Software Engineer
50,59,55,90,53,43,61,96,43,43,67,34,87,47,68,Graphic Designer
60,69,96,63,51,41,91,66,74,84,50,84,64,56,77,Psychologist
91,53,64,34,83,34,64,40,95,68,44,57,27,76,77,Accountant
81,91,80,43,56,92,62,68,94,66,97,63,20,30,85,Software Engineer
64,70,80,57,52,35,82,83,66,85,56,55,64,54,74,Teacher
80,89,59,38,35,60,55,63,78,71,81,78,20,48,80,Mechanical Engineer
65,72,99,50,45,25,95,69,71,79,57,65,72,36,57,Teacher
63,42,65,88,49,35,60,87,42,49,57,34,94,35,78,Graphic Designer
84,86,59,58,47,55,71,70,82,52,87,87,46,31,84,Mechanical Engineer
91,49,82,33,88,51,64,51,93,45,41,33,20,89,62,Accountant
99,92,70,38,69,75,61,65,92,66,89,98,35,61,75,Data Scientist
70,70,97,71,42,33,99,74,73,79,34,71,75,52,84,Psychologist
87,78,79,54,47,82,76,51,75,50,86,70,36,62,85,Software Engineer
96,82,54,44,35,45,74,64,96,54,94,91,41,35,57,Mechanical Engineer
82,86,62,51,37,43,84,50,78,66,52,86,27,31,88,Doctor
90,85,71,43,57,67,75,76,95,45,99,86,30,49,69,Data Scientist
90,94,66,31,39,43,73,51,88,85,50,92,37,35,75,Doctor
62,45,61,94,56,58,70,97,61,65,65,22,88,48,52,Graphic Designer
84,92,55,32,47,82,76,46,85,43,91,85,25,41,70,Software Engineer
77,93,59,57,63,59,52,60,86,59,85,87,48,48,57,Mechanical Engineer
93,94,56,40,42,90,62,55,95,63,90,81,32,47,59,Data Scientist
56,68,98,64,70,36,98,63,70,74,43,30,41,75,71,Lawyer
81,61,83,62,40,48,87,88,76,73,32,71,57,51,67,Teacher
85,78,71,51,56,46,72,60,88,45,97,81,20,30,55,Mechanical Engineer
68,67,71,47,95,57,85,81,73,80,83,48,64,85,71,Entrepreneur
66,58,78,48,85,63,96,75,81,89,76,50,60,87,93,Entrepreneur
64,77,95,54,48,34,82,70,71,90,37,65,79,40,60,Teacher
78,85,65,35,51,48,81,61,81,69,62,98,45,30,81,Doctor
84,82,59,35,49,84,67,58,93,57,89,84,43,41,62,Data Scientist
81,90,71,45,66,98,52,65,91,62,83,76,46,38,63,Software Engineer
71,72,90,68,61,42,97,66,81,77,36,67,76,59,66,Psychologist
56,55,97,45,67,40,98,56,81,79,38,35,57,64,77,Lawyer
56,60,88,56,61,18,90,74,82,60,27,62,61,30,89,Psychologist
81,49,84,51,93,55,94,75,65,96,81,35,65,99,77,Entrepreneur
63,55,77,61,60,29,98,79,66,78,33,78,59,47,80,Psychologist
68,63,84,52,94,58,79,85,79,87,73,57,71,87,90,Entrepreneur
70,95,77,47,50,49,85,52,76,60,65,85,36,30,66,Doctor
87,66,60,32,97,49,70,47,94,56,47,42,29,81,79,Accountant
78,56,79,55,74,44,89,92,75,91,56,54,59,99,68,Entrepreneur
76,89,72,58,51,51,63,66,91,58,85,93,43,35,81,Mechanical Engineer
74,60,86,57,52,38,80,75,74,70,59,52,59,46,84,Teacher
76,87,62,52,57,48,74,78,86,61,81,87,48,47,82,Mechanical Engineer
90,83,78,53,47,80,55,68,83,65,91,87,31,46,74,Software Engineer
91,68,75,34,59,98,72,64,81,56,86,60,26,53,70,Software Engineer
80,85,61,39,52,51,56,65,78,64,80,87,37,38,80,Mechanical Engineer
98,78,58,34,50,98,77,70,97,52,95,83,32,53,81,Software Engineer
75,83,82,35,44,76,58,68,88,54,87,85,23,50,87,Software Engineer
63,50,88,49,77,18,82,64,84,75,38,35,51,72,76,Lawyer
91,88,84,59,52,89,65,55,76,56,90,67,39,32,88,Software Engineer
64,61,83,64,44,30,86,64,87,62,42,70,69,50,84,Psychologist
64,67,71,63,89,65,81,98,66,95,67,42,50,85,73,Entrepreneur
59,55,86,54,55,38,83,79,70,75,42,43,61,70,69,Lawyer
92,69,68,39,54,75,65,50,97,59,85,83,48,45,89,Software Engineer
85,95,58,55,37,50,73,65,83,73,94,97,47,32,55,Mechanical Engineer
58,59,69,90,35,55,66,88,47,49,54,28,93,59,50,Graphic Designer
79,88,52,52,41,74,67,67,97,71,89,99,32,45,63,Mechanical Engineer
97,72,57,32,46,78,52,54,82,42,86,77,30,30,88,Software Engineer
66,37,79,86,51,53,77,85,64,63,54,46,96,36,50,Graphic Designer
90,85,73,35,45,47,64,55,81,45,96,83,48,55,77,Mechanical Engineer
80,91,76,54,38,40,78,49,82,74,61,99,24,53,67,Doctor
85,98,52,49,44,73,50,74,85,70,91,88,44,37,65,Mechanical Engineer
81,91,59,57,40,61,67,59,92,74,96,96,35,37,78,Mechanical Engineer
40,36,67,88,41,50,78,91,45,57,68,30,97,46,78,Graphic Designer
68,54,79,94,52,37,77,98,41,49,60,46,92,37,56,Graphic Designer
83,73,81,65,88,57,85,98,71,89,61,39,56,95,93,Entrepreneur
51,63,83,59,49,29,82,78,67,65,28,83,67,56,77,Psychologist
72,74,87,67,45,25,95,74,81,81,42,78,58,51,86,Psychologist
77,71,66,37,59,86,52,56,83,49,85,84,20,51,71,Software Engineer
55,58,62,85,44,50,70,97,68,45,73,20,89,53,61,Graphic Designer
59,76,79,72,44,37,94,68,75,80,49,84,71,50,73,Psychologist
70,58,76,62,44,30,90,77,86,73,32,82,69,46,85,Psychologist
81,89,52,45,35,71,65,78,86,63,87,97,31,44,56,Mechanical Engineer
79,66,63,35,57,88,68,53,82,56,82,88,29,46,86,Software Engineer
84,78,67,42,47,58,67,55,95,60,94,96,44,34,83,Mechanical Engineer
74,76,99,74,51,31,89,66,80,72,27,61,70,59,70,Psychologist
81,77,89,66,53,26,99,80,75,77,33,64,78,44,59,Teacher
62,68,94,40,57,41,97,72,71,69,53,30,49,79,89,Lawyer
92,63,72,51,83,53,56,44,86,74,61,36,39,92,77,Accountant
82,79,55,36,60,94,69,50,88,61,95,73,31,39,83,Software Engineer
55,74,81,63,39,28,84,67,71,72,37,67,65,57,90,Psychologist
97,87,70,44,55,77,63,75,88,52,78,83,34,48,73,Data Scientist
68,67,97,61,61,44,96,66,67,70,55,72,73,40,59,Teacher
72,73,97,64,64,33,81,71,71,87,35,71,75,37,82,Teacher
46,56,62,86,38,37,78,99,43,64,58,32,86,55,65,Graphic Designer
91,98,70,52,40,36,73,52,76,75,40,97,20,35,70,Doctor
77,67,86,55,87,47,89,83,79,86,74,47,57,80,84,Entrepreneur
60,55,81,63,62,44,86,79,93,78,33,44,64,81,77,Lawyer
55,74,75,66,41,22,88,61,81,79,37,64,64,41,81,Psychologist
92,96,58,41,53,69,67,59,76,51,89,89,44,36,82,Mechanical Engineer
97,72,55,41,46,94,70,79,84,58,81,88,21,37,71,Data Scientist
90,90,75,40,39,34,76,62,71,71,58,96,35,30,67,Doctor
70,62,67,70,84,50,85,99,84,90,73,62,45,84,74,Entrepreneur
68,69,76,49,70,61,89,82,65,97,67,63,45,84,82,Entrepreneur
81,46,88,55,72,49,80,80,84,81,80,60,68,89,87,Entrepreneur
82,50,72,67,99,65,87,82,83,85,83,57,59,89,91,Entrepreneur
75,71,83,56,52,77,68,70,85,61,97,62,25,32,89,Software Engineer
72,69,77,77,54,43,92,67,89,66,48,67,72,38,70,Psychologist
92,61,74,28,94,43,75,40,98,48,37,31,39,84,84,Accountant
65,58,85,78,49,22,80,76,77,84,44,65,68,55,61,Teacher
68,69,86,70,48,33,92,70,73,73,49,61,73,32,83,Teacher
76,58,86,62,43,40,80,65,61,78,30,60,72,51,69,Teacher
70,69,87,62,56,27,87,79,90,84,40,33,68,75,79,Lawyer
89,71,75,48,54,67,79,72,88,56,95,87,22,38,58,Data Scientist
69,64,73,58,92,53,85,75,68,85,76,60,66,84,67,Entrepreneur
92,91,73,31,58,73,57,72,91,59,98,92,27,43,67,Data Scientist
83,70,71,37,60,81,56,66,82,48,94,61,26,47,81,Software Engineer
71,57,88,60,74,25,85,78,83,65,31,53,48,70,83,Lawyer
71,87,65,39,38,27,80,48,89,87,59,99,28,32,92,Doctor
69,68,83,74,74,64,95,81,75,93,77,55,60,97,85,Entrepreneur
76,62,82,68,48,30,92,77,78,88,55,65,73,34,70,Teacher
74,90,78,37,39,30,82,59,73,70,51,89,49,34,89,Doctor
89,91,71,51,58,93,71,61,94,65,86,99,28,39,58,Data Scientist
87,83,76,30,52,85,76,46,94,42,80,67,36,43,64,Software Engineer
84,82,77,57,45,90,77,40,77,54,99,69,40,44,82,Software Engineer
65,74,89,55,62,23,94,75,72,68,54,42,51,80,68,Lawyer
68,65,87,62,41,27,80,65,71,75,54,74,74,59,66,Psychologist
63,62,76,61,78,68,93,88,78,96,56,42,49,86,86,Entrepreneur
96,91,61,49,47,82,72,71,85,57,85,81,31,44,87,Software Engineer
70,68,78,59,35,15,85,64,66,84,45,64,63,48,85,Psychologist
52,56,98,77,43,22,83,61,78,61,26,81,61,41,70,Psychologist
75,86,75,31,48,20,94,69,80,79,44,91,20,43,78,Doctor
91,89,75,44,53,23,89,68,85,69,50,94,48,29,75,Doctor
92,84,67,59,62,45,68,70,81,59,80,97,40,38,56,Mechanical Engineer
95,80,60,34,67,72,70,52,81,55,93,83,35,56,80,Data Scientist
68,63,74,66,84,40,85,88,74,98,78,55,60,87,66,Entrepreneur
61,59,75,74,49,48,88,67,69,73,42,50,74,46,77,Teacher
80,96,72,37,30,28,71,53,82,75,41,88,31,40,74,Doctor
94,85,67,49,69,85,78,56,99,43,85,82,25,59,84,Data Scientist
99,54,83,37,99,43,75,31,78,51,53,59,49,91,70,Accountant
78,88,64,49,57,76,53,55,89,57,86,74,41,61,70,Software Engineer
66,65,89,63,51,25,85,68,82,79,26,63,72,57,65,Psychologist
66,59,89,57,66,36,95,77,75,88,49,53,60,83,69,Lawyer
93,51,82,35,83,56,78,31,81,63,48,48,49,81,66,Accountant
93,69,73,49,81,46,74,33,87,62,37,48,24,75,63,Accountant
88,96,63,57,54,47,81,55,90,81,56,88,49,44,90,Doctor
93,94,70,41,49,76,67,52,98,51,83,60,30,63,61,Software Engineer
70,73,76,72,50,22,96,74,57,91,32,65,79,36,56,Teacher
67,73,84,56,52,41,94,75,68,80,31,46,66,44,71,Teacher
74,70,91,65,49,34,95,62,70,80,47,72,55,58,85,Psychologist
64,50,70,83,59,43,60,89,48,59,54,23,97,50,51,Graphic Designer
83,87,68,37,58,22,87,47,85,89,54,89,34,40,89,Doctor
73,88,67,30,37,42,81,62,94,74,52,94,42,42,65,Doctor
56,70,86,53,79,36,93,64,73,67,49,52,66,73,88,Lawyer
80,71,83,46,93,40,90,96,82,82,78,35,50,98,86,Entrepreneur
72,99,73,37,33,45,79,41,83,67,62,95,29,49,82,Doctor
63,66,96,66,42,24,95,79,72,68,37,79,71,48,81,Psychologist
89,89,79,33,54,25,72,45,82,82,46,92,48,28,65,Doctor
77,61,76,68,48,48,83,78,59,94,36,52,69,56,73,Teacher
42,38,70,83,59,54,79,97,60,56,72,44,96,59,66,Graphic Designer
82,86,59,52,38,60,69,60,83,67,84,95,43,35,71,Mechanical Engineer
61,59,83,76,38,30,81,75,80,80,48,83,76,40,65,Psychologist
96,93,57,46,51,98,79,69,94,46,89,77,41,36,87,Software Engineer
62,54,87,51,69,33,95,68,76,72,31,59,57,83,65,Lawyer
80,75,63,39,40,53,56,79,76,55,93,79,28,36,79,Mechanical Engineer
57,76,96,79,58,16,80,73,89,63,28,68,57,34,65,Psychologist
84,91,60,54,64,92,56,61,88,67,94,86,32,61,76,Data Scientist
69,53,90,45,58,23,88,57,92,69,39,57,48,61,62,Lawyer
70,66,89,57,66,22,82,74,93,67,30,31,42,76,68,Lawyer
89,84,57,55,41,56,74,65,87,59,96,96,41,47,81,Mechanical Engineer
66,75,80,60,64,36,98,79,79,78,26,67,61,56,72,Psychologist
97,93,72,32,52,70,53,57,86,67,91,91,25,44,84,Mechanical Engineer
89,68,58,57,49,85,67,62,89,42,86,66,36,51,79,Software Engineer
59,72,86,73,42,15,93,82,70,73,26,68,66,34,66,Psychologist
92,61,77,50,93,54,61,36,88,70,58,44,31,86,62,Accountant
84,56,89,69,70,62,86,85,77,82,81,59,52,82,81,Entrepreneur
57,67,90,79,44,43,93,65,84,81,50,66,60,56,81,Psychologist
46,48,71,87,62,50,71,96,67,67,54,24,98,40,56,Graphic Designer
92,70,64,54,61,76,71,73,93,44,93,79,34,47,71,Data Scientist
62,49,80,67,76,55,83,75,67,87,72,58,68,97,88,Entrepreneur
90,99,78,54,57,42,70,47,79,72,44,90,28,34,78,Doctor
97,56,67,32,85,32,56,43,82,50,38,34,40,87,63,Accountant
80,60,85,66,58,47,91,85,75,93,56,71,67,47,83,Teacher
66,46,83,46,91,68,87,98,88,95,71,45,53,88,93,Entrepreneur
71,67,82,78,46,29,98,80,84,76,33,80,72,57,66,Psychologist
67,65,78,74,45,24,92,81,72,72,33,60,55,44,86,Psychologist
84,86,55,44,42,95,69,71,97,51,98,75,46,37,83,Software Engineer
58,62,58,92,47,49,78,91,42,69,75,39,86,52,74,Graphic Designer
51,35,72,98,56,54,63,99,48,45,61,37,91,49,78,Graphic Designer
82,58,82,51,79,47,98,88,82,84,68,56,69,89,90,Entrepreneur
92,93,69,48,36,47,63,76,99,48,96,80,47,48,63,Mechanical Engineer
64,53,93,44,56,28,97,78,80,80,42,56,55,80,63,Lawyer
77,72,80,71,84,68,85,87,82,87,63,56,55,96,65,Entrepreneur
75,63,92,62,50,44,89,74,60,85,54,56,58,34,56,Teacher
66,61,71,50,74,56,82,75,80,96,84,37,57,87,80,Entrepreneur
96,52,62,51,89,31,76,33,88,55,48,42,46,78,56,Accountant
74,73,84,52,81,60,87,89,75,96,75,58,71,91,84,Entrepreneur
90,77,67,50,62,87,64,67,91,46,85,84,22,64,61,Data Scientist
93,80,67,33,56,49,55,69,80,52,88,95,41,35,76,Mechanical Engineer
83,56,76,72,54,30,89,67,71,78,59,59,68,48,71,Teacher
62,61,61,98,64,51,68,95,44,41,64,43,96,44,59,Graphic Designer
59,64,96,42,72,25,85,66,91,81,54,43,45,69,75,Lawyer
81,62,81,58,48,30,83,71,75,76,33,56,71,49,83,Teacher
99,93,58,39,39,54,71,55,99,69,83,95,24,52,61,Mechanical Engineer
68,66,95,66,62,29,98,75,74,91,53,57,58,44,66,Teacher
99,50,68,47,87,52,72,54,89,45,48,47,38,93,84,Accountant
61,48,67,59,71,63,93,83,74,98,82,39,58,89,80,Entrepreneur
90,92,67,52,60,57,71,66,83,74,84,83,49,42,70,Mechanical Engineer
79,66,92,40,65,19,88,61,76,66,43,49,57,69,84,Lawyer
78,87,55,59,47,69,52,77,81,45,90,76,24,53,76,Mechanical Engineer
85,59,77,30,92,53,67,30,90,48,51,47,35,75,60,Accountant
68,49,71,98,40,43,76,99,44,67,67,42,88,55,73,Graphic Designer
74,61,80,66,78,32,91,56,70,65,49,58,40,81,71,Lawyer
59,65,77,62,51,21,91,75,79,80,53,72,72,47,88,Psychologist
94,78,58,45,60,68,74,76,86,54,96,91,37,41,84,Data Scientist
51,62,96,73,47,35,80,64,86,70,35,72,56,48,80,Psychologist
87,91,63,57,52,90,68,53,82,58,82,82,40,47,75,Software Engineer
92,78,77,52,46,94,62,59,80,66,94,95,40,35,73,Data Scientist
95,86,69,46,50,96,54,60,98,48,95,89,31,47,81,Software Engineer
93,71,75,33,54,98,57,55,75,64,95,89,44,63,61,Software Engineer
83,82,58,47,47,77,78,57,93,69,99,75,28,60,78,Data Scientist
62,37,64,80,61,38,78,98,40,55,68,39,89,56,67,Graphic Designer
56,42,66,88,45,37,66,97,60,42,70,35,94,57,56,Graphic Designer
84,69,79,51,81,50,73,57,93,48,62,49,24,81,58,Accountant
92,86,52,50,48,59,68,64,83,54,99,97,23,48,64,Mechanical Engineer
76,72,68,35,48,75,54,48,88,66,88,63,48,49,74,Software Engineer
81,65,67,74,83,59,76,86,74,92,84,54,48,98,86,Entrepreneur
99,75,80,45,58,93,61,42,97,57,96,64,35,53,73,Software Engineer
64,68,97,58,44,25,90,67,87,82,33,67,66,46,87,Psychologist
51,52,78,89,60,63,76,87,63,50,65,27,98,60,73,Graphic Designer
55,59,97,65,62,26,84,55,77,69,41,44,43,72,76,Lawyer
76,99,77,53,37,30,83,57,82,65,52,94,20,35,71,Doctor
98,73,64,34,69,85,71,71,89,41,99,83,43,43,64,Software Engineer
74,57,88,64,79,63,98,98,88,87,70,62,69,95,66,Entrepreneur
74,70,85,69,40,28,85,78,69,70,28,68,63,46,72,Psychologist
83,72,79,79,41,34,90,88,71,85,44,67,57,49,84,Teacher
71,73,93,69,59,32,96,69,88,73,43,82,72,40,75,Psychologist
68,44,59,90,63,64,80,97,66,59,51,33,93,44,59,Graphic Designer
92,73,60,35,40,72,76,51,87,59,83,78,36,41,64,Data Scientist
73,71,82,56,96,53,94,97,69,80,67,48,46,95,69,Entrepreneur
78,90,59,38,50,64,71,71,92,59,99,83,25,35,65,Mechanical Engineer
78,47,83,61,78,60,99,95,87,96,79,35,48,94,76,Entrepreneur
58,77,77,63,63,35,83,76,89,65,40,77,67,36,67,Psychologist
47,63,72,93,54,62,64,87,49,50,66,27,93,42,69,Graphic Designer
82,88,55,48,56,75,72,60,86,40,86,78,44,42,69,Data Scientist
60,47,74,90,42,59,73,98,55,53,50,21,96,54,50,Graphic Designer
47,44,76,90,54,51,70,89,49,65,75,39,89,54,58,Graphic Designer
87,93,73,58,54,25,83,55,71,78,44,95,30,45,93,Doctor
63,69,88,78,39,30,84,81,77,75,39,64,75,59,87,Psychologist
67,53,65,60,75,62,82,89,76,89,70,49,55,86,72,Entrepreneur
73,67,84,76,40,27,90,81,89,74,26,74,73,46,84,Psychologist
71,91,82,49,57,47,77,42,94,80,69,97,34,54,66,Doctor
73,53,71,51,95,57,90,82,80,98,69,59,59,85,73,Entrepreneur
53,63,79,55,45,33,82,60,68,68,52,75,61,34,77,Psychologist
76,91,77,32,63,94,75,63,92,70,93,60,33,34,89,Software Engineer
93,58,67,54,85,51,61,36,76,69,38,42,48,84,63,Accountant
72,59,85,73,40,45,89,77,58,90,59,54,66,43,81,Teacher
98,74,82,59,69,95,73,68,76,61,93,69,29,37,73,Software Engineer
53,73,92,60,57,24,86,71,72,72,54,77,68,40,92,Psychologist
93,89,76,51,56,65,79,64,94,68,75,89,21,63,58,Data Scientist
92,55,84,43,99,30,71,49,92,52,47,33,38,77,60,Accountant
59,43,74,83,63,58,72,99,59,41,77,39,86,59,76,Graphic Designer
96,88,69,36,49,62,62,66,76,56,85,98,48,30,75,Mechanical Engineer
75,78,65,41,50,80,72,51,95,70,91,69,27,56,79,Software Engineer
76,90,80,53,56,20,88,57,71,87,66,96,36,45,85,Doctor
73,58,93,71,45,39,88,75,76,84,38,73,65,55,64,Teacher
57,53,73,98,40,50,66,91,67,62,77,38,85,56,68,Graphic Designer
79,86,62,32,45,77,57,66,78,73,89,74,32,44,81,Software Engineer
86,66,71,32,97,57,72,46,97,55,49,59,39,99,60,Accountant
73,98,64,46,56,31,75,51,84,82,58,94,21,53,76,Doctor
87,92,61,59,50,67,55,61,98,53,89,79,46,50,58,Mechanical Engineer
64,50,67,86,63,51,78,93,46,51,62,48,97,48,64,Graphic Designer
84,59,62,47,87,36,72,39,97,54,53,52,20,76,82,Accountant
92,93,59,42,48,68,68,79,86,51,98,81,30,56,69,Data Scientist
92,72,72,40,52,86,64,65,99,42,82,65,22,38,70,Software Engineer
77,68,97,60,61,25,89,65,92,73,27,53,44,82,60,Lawyer
99,51,72,33,81,37,68,51,98,62,64,56,20,97,83,Accountant
71,87,62,37,50,44,88,55,91,63,47,96,20,28,71,Doctor
69,59,96,63,56,24,93,70,81,70,31,70,67,56,83,Psychologist
91,46,82,33,92,46,67,45,75,51,47,43,40,91,84,Accountant
82,60,93,63,40,45,95,73,77,84,48,54,70,54,57,Teacher
67,55,74,82,35,53,80,97,53,61,77,35,98,63,53,Graphic Designer
95,61,69,30,86,47,56,50,83,49,42,53,24,98,69,Accountant
42,59,59,97,59,64,76,85,55,54,62,26,87,58,72,Graphic Designer
84,45,62,40,94,33,66,30,91,68,49,59,43,94,74,Accountant
84,82,79,33,61,91,77,59,87,48,80,98,37,44,78,Data Scientist
65,66,81,60,82,40,77,98,70,99,75,60,74,82,79,Entrepreneur
76,91,62,40,39,57,72,67,82,55,87,84,44,56,65,Mechanical Engineer
60,73,93,64,79,41,97,78,72,65,47,30,53,86,60,Lawyer
79,95,69,54,47,26,94,57,82,70,49,90,28,39,78,Doctor
79,93,68,31,53,67,64,62,98,71,87,75,33,40,61,Mechanical Engineer
90,90,81,30,51,94,69,64,84,40,95,70,23,64,84,Software Engineer
80,74,68,56,54,95,61,72,99,61,85,71,39,47,71,Software Engineer
99,91,67,46,52,82,76,69,86,62,90,90,41,60,60,Data Scientist
81,47,63,40,91,54,58,51,86,51,54,51,22,79,66,Accountant
78,51,96,55,78,34,92,74,80,72,49,50,44,61,84,Lawyer
64,43,58,85,62,46,74,87,65,61,73,21,99,62,68,Graphic Designer
88,90,70,54,44,73,63,55,89,57,85,98,43,49,61,Data Scientist
83,86,59,38,55,67,56,79,86,60,94,81,27,36,65,Mechanical Engineer
81,67,95,75,61,48,91,80,68,80,57,53,77,39,70,Teacher
90,46,61,25,90,34,60,32,94,49,54,38,47,93,59,Accountant
57,56,80,61,41,27,80,67,89,82,37,83,74,57,88,Psychologist
68,57,80,55,56,32,92,71,63,94,54,62,55,51,76,Teacher
72,72,98,63,78,39,99,73,94,89,42,35,55,62,80,Lawyer
70,57,67,63,89,50,85,95,66,94,76,42,46,87,88,Entrepreneur
67,56,80,48,58,28,88,57,84,69,25,40,58,64,81,Lawyer
57,59,76,83,62,37,61,92,43,57,60,28,96,42,70,Graphic Designer
75,88,50,39,64,55,69,56,97,46,90,82,22,38,80,Mechanical Engineer
64,57,90,64,62,39,99,64,86,87,35,41,49,79,76,Lawyer
85,78,55,46,56,92,77,53,85,55,81,79,28,58,73,Data Scientist
78,64,71,66,98,50,92,99,78,95,60,36,67,90,75,Entrepreneur
63,68,88,55,99,47,90,90,67,91,78,47,45,83,85,Entrepreneur
83,89,61,33,37,49,74,71,79,71,83,95,26,36,61,Mechanical Engineer
65,70,80,69,37,23,80,70,86,65,48,64,79,54,92,Psychologist
64,52,70,59,94,42,83,85,84,93,77,43,54,94,82,Entrepreneur
50,39,66,93,46,53,68,96,46,55,77,47,91,48,57,Graphic Designer
92,89,71,45,62,86,57,62,86,59,79,85,42,52,58,Data Scientist
74,51,75,61,74,48,90,85,89,96,60,49,73,82,92,Entrepreneur
53,60,87,76,63,44,88,73,76,63,32,76,76,34,67,Psychologist
86,89,65,46,39,30,82,68,79,73,67,97,47,28,84,Doctor
82,58,75,66,79,49,83,76,78,86,71,58,64,87,88,Entrepreneur
71,61,95,42,56,40,86,60,70,79,51,41,52,67,68,Lawyer
63,59,69,65,83,55,89,85,66,97,58,49,56,82,68,Entrepreneur
54,44,72,84,47,38,68,86,42,63,60,23,93,60,78,Graphic Designer
82,94,61,56,57,35,73,58,74,66,48,89,27,26,86,Doctor
84,65,86,79,58,38,90,77,78,70,35,66,79,45,56,Teacher
85,87,69,55,56,24,83,66,84,87,42,93,48,25,65,Doctor
81,70,85,53,88,69,99,95,88,90,57,57,70,83,69,Entrepreneur
79,67,83,49,57,40,84,66,92,69,29,33,69,84,65,Lawyer
82,66,77,44,66,76,77,50,88,60,89,66,41,43,72,Software Engineer
68,79,90,60,42,36,81,73,63,85,57,45,79,46,64,Teacher
55,56,58,98,36,38,61,91,54,56,63,30,85,39,72,Graphic Designer
92,72,62,35,55,84,73,72,88,49,97,80,22,54,62,Data Scientist
75,69,83,69,54,21,99,78,65,72,31,62,68,53,83,Teacher
78,90,58,47,61,91,52,67,80,73,91,74,28,58,61,Software Engineer
65,55,81,63,64,29,84,72,76,67,54,50,66,84,75,Lawyer
81,89,66,49,57,27,88,45,84,65,48,88,35,47,74,Doctor
79,50,75,68,84,61,80,94,88,89,78,59,66,97,80,Entrepreneur
64,74,85,67,65,18,99,66,89,70,25,54,69,77,61,Lawyer
91,55,63,37,97,37,61,51,97,72,50,32,41,90,70,Accountant
80,64,74,55,90,64,76,96,89,89,83,55,56,90,86,Entrepreneur
66,70,72,55,82,42,93,88,86,95,69,36,50,86,73,Entrepreneur
54,71,93,78,37,22,88,81,87,81,32,73,77,39,81,Psychologist
67,77,79,69,41,24,95,82,66,77,39,82,73,49,78,Psychologist
69,71,81,74,39,26,96,61,68,61,38,73,67,46,90,Psychologist
74,62,92,68,36,38,91,83,65,80,39,70,72,46,67,Psychologist
82,85,61,39,56,40,82,50,83,75,67,97,25,26,90,Doctor
66,72,94,58,63,23,95,86,65,78,46,66,65,49,57,Teacher
69,67,85,63,93,60,91,83,78,84,57,56,52,97,91,Entrepreneur
89,97,77,39,30,29,78,62,94,72,54,86,45,37,69,Doctor
81,76,63,39,62,60,52,62,97,72,96,78,40,59,73,Mechanical Engineer
81,53,71,28,98,39,65,36,87,53,46,58,21,96,75,Accountant
90,60,74,46,85,59,78,42,91,48,46,47,46,82,66,Accountant
79,73,77,61,78,64,87,90,84,89,64,54,72,95,87,Entrepreneur
57,72,87,60,75,28,99,57,93,75,46,43,61,61,63,Lawyer
91,97,70,47,31,30,77,58,94,75,43,98,41,41,75,Doctor
69,60,75,73,78,63,79,99,75,88,71,62,66,90,85,Entrepreneur
83,86,59,36,39,70,72,62,86,45,89,85,46,52,74,Mechanical Engineer
82,60,77,39,85,46,56,31,91,63,39,33,47,92,62,Accountant
79,85,83,33,53,35,87,67,81,79,54,86,24,50,90,Doctor
99,67,55,36,54,93,57,50,76,67,81,70,39,57,76,Software Engineer
45,40,71,91,41,39,75,91,45,47,52,27,97,41,66,Graphic Designer
81,62,67,34,99,33,64,39,77,65,38,52,29,81,76,Accountant
89,84,72,41,42,91,63,68,80,70,87,86,39,51,62,Software Engineer
94,70,75,44,60,89,57,79,80,66,93,94,32,49,67,Data Scientist
89,68,60,53,83,42,60,55,89,58,59,32,43,93,60,Accountant
73,66,71,51,90,61,97,85,82,89,69,64,56,96,86,Entrepreneur
86,52,80,43,80,55,67,30,85,46,55,32,32,81,56,Accountant
58,56,79,83,60,57,75,99,56,67,72,28,94,42,69,Graphic Designer
95,79,76,45,66,71,73,77,97,52,82,88,28,46,60,Data Scientist
85,88,75,34,48,41,83,46,78,84,67,97,35,45,68,Doctor
62,67,80,57,44,35,84,70,68,69,28,72,62,35,75,Psychologist
76,75,59,30,47,61,58,58,83,51,81,92,47,50,69,Mechanical Engineer
67,51,80,61,78,66,82,99,84,84,81,39,71,92,80,Entrepreneur
78,57,83,47,82,43,99,82,76,96,79,35,71,81,73,Entrepreneur
63,67,88,63,63,22,98,89,65,78,35,70,58,55,59,Teacher
61,56,80,59,53,35,94,69,71,78,32,74,77,33,77,Psychologist
91,95,81,49,58,37,79,51,72,88,45,88,24,51,89,Doctor
82,92,58,30,67,88,57,74,88,42,80,95,39,58,80,Data Scientist
80,84,78,48,68,68,69,56,94,43,77,97,33,40,55,Data Scientist
93,67,56,35,58,89,53,53,81,59,93,81,44,60,81,Software Engineer
78,79,91,71,42,36,94,83,69,87,55,56,66,53,57,Teacher
75,66,76,65,40,39,81,77,70,70,48,48,74,32,56,Teacher
95,61,76,43,99,46,78,31,79,60,63,59,41,85,76,Accountant
80,76,53,45,63,68,63,71,93,48,97,86,21,35,60,Mechanical Engineer
98,74,61,49,56,96,76,50,84,62,87,89,34,47,82,Software Engineer
93,46,72,51,84,30,63,49,84,74,45,47,36,80,65,Accountant
82,92,61,51,65,89,70,76,99,69,84,87,20,41,64,Data Scientist
82,54,72,48,82,33,67,43,78,56,50,39,42,98,74,Accountant
95,50,77,50,91,53,74,36,97,56,48,42,45,85,65,Accountant
95,60,66,40,88,52,60,45,83,73,38,57,45,96,60,Accountant
96,78,73,53,46,85,56,63,97,63,93,83,30,37,71,Software Engineer
52,41,68,81,37,38,67,89,40,48,66,37,91,61,52,Graphic Designer
64,62,85,77,50,27,92,82,69,71,34,78,71,30,86,Psychologist
46,50,77,81,51,45,83,87,61,62,57,41,91,55,68,Graphic Designer
91,72,78,44,60,89,77,75,86,40,91,82,29,51,70,Data Scientist
62,76,96,66,36,23,80,65,88,61,27,74,61,42,80,Psychologist
62,56,88,50,45,26,81,66,69,90,34,57,73,48,69,Teacher
98,73,58,37,67,89,65,70,81,45,86,97,27,39,78,Data Scientist
73,74,89,68,42,39,99,80,61,87,37,71,68,47,55,Teacher
98,74,57,35,55,94,55,51,77,57,82,64,38,54,83,Software Engineer
60,71,79,66,54,37,86,63,80,74,38,61,64,49,88,Psychologist
46,39,65,87,51,48,64,88,42,46,75,30,85,56,73,Graphic Designer
64,35,58,94,50,45,62,96,51,50,65,48,89,55,62,Graphic Designer
84,81,74,53,44,75,56,53,89,63,81,86,27,64,77,Data Scientist
99,56,79,38,88,54,66,53,91,60,46,39,45,76,57,Accountant
54,39,73,82,51,47,83,87,67,43,67,43,87,48,65,Graphic Designer
50,77,81,76,48,18,96,61,87,61,32,66,62,49,81,Psychologist
81,88,72,54,50,36,93,64,90,88,44,90,28,29,66,Doctor
83,82,64,45,52,65,65,67,88,45,97,87,24,59,84,Data Scientist
54,76,82,57,64,27,85,80,87,73,49,66,65,51,73,Psychologist
93,95,68,46,36,27,71,53,79,68,67,85,31,38,83,Doctor
80,62,80,38,91,35,68,46,81,47,51,52,42,84,57,Accountant
63,69,98,59,59,30,88,86,71,78,54,74,77,38,78,Teacher
94,63,75,37,94,43,69,41,85,65,37,54,33,76,72,Accountant
78,55,70,59,86,51,98,76,85,83,79,37,46,98,69,Entrepreneur
90,80,80,41,43,91,74,69,93,73,84,60,45,38,76,Software Engineer
56,71,95,63,70,35,96,70,85,72,30,47,62,73,75,Lawyer
61,52,55,92,57,63,79,91,45,66,58,47,94,56,52,Graphic Designer
79,51,68,74,99,64,79,97,88,80,74,37,57,86,70,Entrepreneur
96,90,67,46,58,51,69,69,81,46,81,81,38,35,84,Mechanical Engineer
89,83,74,46,46,57,59,61,98,65,86,82,43,44,79,Mechanical Engineer
81,82,68,47,51,62,68,75,82,57,90,93,26,56,81,Mechanical Engineer
96,74,76,47,66,89,73,57,98,66,99,82,44,55,81,Data Scientist
88,54,69,25,96,56,66,41,93,61,41,52,30,98,56,Accountant
66,71,82,61,64,47,81,81,76,89,43,67,57,48,68,Teacher
92,90,62,59,48,21,86,55,90,88,46,91,25,35,79,Doctor
53,79,77,66,56,30,90,69,83,69,45,84,57,53,70,Psychologist
80,78,79,26,43,93,58,77,80,67,92,88,32,42,60,Data Scientist
75,57,90,57,49,28,82,71,62,72,45,66,68,36,58,Teacher
99,87,63,36,53,88,77,65,81,55,92,98,28,59,62,Data Scientist
74,60,87,73,57,37,80,85,77,94,50,71,65,45,55,Teacher
70,57,95,59,41,39,84,68,79,80,44,65,62,49,69,Psychologist
59,45,77,82,52,59,71,91,56,65,75,28,89,52,72,Graphic Designer
61,56,82,63,57,20,96,81,76,74,45,51,69,48,75,Teacher
90,77,73,48,54,65,56,71,82,47,86,84,46,48,79,Mechanical Engineer
75,70,75,72,52,38,83,83,76,79,42,45,67,39,69,Teacher
51,47,74,99,56,43,76,98,57,47,57,46,95,56,71,Graphic Designer
62,59,87,70,64,28,87,75,79,93,58,58,62,53,78,Teacher
84,94,75,41,67,65,67,51,96,54,82,76,27,61,59,Data Scientist
88,47,61,49,85,39,58,33,84,54,47,35,26,79,69,Accountant
98,77,80,47,63,80,62,61,94,50,98,86,39,42,74,Software Engineer
84,76,96,55,54,32,98,86,58,71,32,58,58,45,65,Teacher
90,89,67,37,69,72,61,69,92,50,93,80,27,53,59,Data Scientist
69,57,89,66,56,39,88,70,91,76,29,36,54,72,67,Lawyer
62,63,78,61,39,21,87,73,88,69,30,64,69,45,91,Psychologist
43,44,59,87,60,59,72,85,64,60,53,29,89,64,74,Graphic Designer
92,75,75,43,63,83,75,73,95,42,88,95,25,51,70,Data Scientist
81,57,98,54,42,33,97,69,57,92,31,53,72,56,56,Teacher
79,69,56,44,40,95,54,46,85,65,89,61,49,43,83,Software Engineer
83,59,79,49,92,30,76,31,80,51,53,33,37,97,63,Accountant
82,82,61,56,46,97,69,62,90,53,95,86,43,38,82,Software Engineer
77,58,66,56,91,60,84,81,66,97,71,50,74,81,75,Entrepreneur
80,85,82,51,43,33,89,46,88,85,66,90,25,37,74,Doctor
50,58,65,90,35,36,79,85,58,59,59,38,89,45,61,Graphic Designer
52,59,76,63,58,19,96,80,84,74,54,72,63,31,87,Psychologist
79,89,80,56,49,95,77,65,90,65,92,64,47,57,89,Software Engineer
46,44,73,92,48,49,65,91,52,55,64,37,87,50,74,Graphic Designer
76,90,70,31,37,26,75,55,90,70,61,98,22,42,73,Doctor
63,77,80,71,50,23,87,73,77,93,55,46,74,32,60,Teacher
83,62,67,69,71,40,79,81,84,83,81,37,50,91,93,Entrepreneur
97,50,70,47,89,55,65,37,95,47,36,47,21,86,59,Accountant
94,94,81,33,53,92,54,74,93,51,98,79,30,49,68,Software Engineer
94,72,69,26,51,91,59,58,83,62,95,81,35,47,56,Data Scientist
85,73,67,51,50,69,68,74,81,42,77,85,28,53,64,Data Scientist
60,53,69,54,80,57,79,98,86,83,80,53,60,81,79,Entrepreneur
53,63,80,73,41,41,95,74,80,73,28,82,56,36,88,Psychologist
97,81,50,31,44,63,57,63,89,55,91,96,37,31,84,Mechanical Engineer
83,92,66,39,30,20,83,66,77,73,46,86,44,50,87,Doctor
81,91,64,30,50,43,77,68,87,72,56,86,25,53,85,Doctor
94,79,79,41,55,81,63,48,83,64,95,82,27,57,61,Software Engineer
82,67,78,32,56,78,68,56,99,69,84,70,49,41,80,Software Engineer
76,70,81,51,48,46,91,77,68,81,32,66,75,45,72,Teacher
93,57,69,41,85,49,75,43,98,52,41,34,25,82,75,Accountant
59,58,79,72,61,24,89,69,71,79,38,84,62,55,73,Psychologist
65,45,89,67,86,56,95,85,84,91,78,47,62,80,67,Entrepreneur
81,81,70,41,64,82,60,74,86,48,96,75,31,59,74,Software Engineer
92,99,60,45,57,41,72,41,84,63,66,98,28,46,92,Doctor
77,84,59,53,55,68,74,56,87,51,92,88,47,47,68,Mechanical Engineer
63,47,58,84,61,46,74,89,44,55,74,28,99,64,76,Graphic Designer
63,52,91,55,67,20,92,59,73,72,27,31,59,78,66,Lawyer
90,94,74,25,59,80,59,76,95,63,79,84,28,56,84,Data Scientist
53,52,71,84,45,52,75,94,49,45,63,21,97,61,58,Graphic Designer
99,95,51,50,43,74,73,76,99,67,81,75,33,42,57,Mechanical Engineer
57,57,87,65,78,29,84,67,84,71,36,32,47,69,61,Lawyer
67,57,97,67,63,15,98,82,86,61,28,75,70,46,92,Psychologist
97,73,79,51,69,86,78,46,90,42,92,79,28,43,77,Software Engineer
62,79,99,68,54,37,99,71,68,93,49,63,79,53,65,Teacher
62,72,87,76,59,27,86,89,78,92,51,63,74,53,66,Teacher
98,87,50,36,39,62,57,69,92,50,84,96,30,55,62,Mechanical Engineer
79,72,74,34,50,93,70,67,93,50,98,64,21,54,78,Software Engineer
59,51,91,44,67,36,86,75,80,69,54,47,45,62,65,Lawyer
78,66,91,64,48,46,99,89,70,87,47,48,58,50,81,Teacher
87,88,79,32,59,49,90,60,85,83,65,91,46,33,87,Doctor
73,67,76,79,47,28,98,83,77,78,52,72,61,43,56,Teacher
68,69,81,67,54,16,98,78,67,62,50,65,67,43,70,Psychologist
62,65,98,66,44,42,88,65,79,78,33,60,69,39,59,Teacher
78,96,63,54,40,36,90,40,78,71,62,96,29,33,85,Doctor
78,59,80,63,76,34,82,70,74,77,29,52,64,70,76,Lawyer
88,91,70,48,46,27,75,44,77,86,47,87,38,40,74,Doctor
83,75,53,51,64,62,66,74,93,67,93,81,28,54,74,Mechanical Engineer
82,74,95,55,60,24,99,73,75,94,59,48,79,34,62,Teacher
60,60,76,73,59,23,97,73,77,71,36,72,61,45,81,Psychologist
59,51,91,50,75,30,83,61,90,88,47,50,52,73,70,Lawyer
70,72,81,74,47,36,93,81,66,87,30,68,61,35,69,Teacher
86,92,68,35,47,48,75,45,91,69,50,98,31,49,84,Doctor
85,45,75,50,88,41,63,42,81,69,35,58,22,98,57,Accountant
81,64,69,47,85,33,62,43,90,59,47,41,26,89,60,Accountant
68,72,99,65,58,39,88,83,60,81,44,65,60,34,83,Teacher
68,75,95,54,64,48,89,77,55,90,55,50,79,32,71,Teacher
76,75,94,52,56,42,96,80,60,87,43,64,62,48,63,Teacher
71,69,80,73,36,20,90,60,86,68,37,68,69,57,82,Psychologist
54,67,77,63,38,42,87,75,89,70,47,78,64,56,86,Psychologist
77,66,80,74,57,32,94,65,77,77,47,64,78,41,84,Teacher
85,82,81,59,42,92,79,65,89,71,82,71,49,50,71,Software Engineer
63,67,93,63,60,34,81,58,84,67,53,33,43,74,70,Lawyer
92,95,60,33,32,39,75,65,75,87,56,87,36,53,81,Doctor
64,74,83,69,70,63,75,98,69,86,78,49,55,91,81,Entrepreneur
97,81,58,51,41,84,54,49,84,50,89,70,25,37,70,Software Engineer
90,80,63,55,49,81,58,66,91,62,95,75,47,49,80,Software Engineer
88,59,81,38,91,46,71,42,82,54,60,42,26,77,78,Accountant
92,86,64,36,47,85,71,45,93,73,90,89,24,48,76,Software Engineer
64,69,68,52,78,56,98,82,69,89,72,62,67,93,91,Entrepreneur
62,38,78,98,64,56,66,92,66,54,69,24,90,35,61,Graphic Designer
56,64,84,67,59,35,95,71,76,66,52,59,53,77,84,Lawyer
81,70,76,68,93,61,92,88,80,85,55,47,50,85,70,Entrepreneur
67,62,76,74,50,28,98,79,68,65,50,71,64,38,67,Psychologist
87,98,63,39,47,50,60,79,80,71,90,93,36,54,57,Mechanical Engineer
80,97,65,52,48,35,81,54,80,66,63,94,38,29,81,Doctor
45,61,71,98,46,54,75,92,41,54,72,38,85,40,67,Graphic Designer
63,78,81,69,40,47,90,77,57,93,37,56,56,52,55,Teacher
75,77,83,52,56,32,95,89,59,74,32,57,62,37,71,Teacher
93,66,66,32,95,51,70,43,91,49,43,32,40,96,59,Accountant
78,76,62,38,49,93,58,67,98,55,80,69,35,50,86,Software Engineer
85,84,58,53,63,92,79,58,94,44,80,85,32,46,81,Data Scientist
51,64,60,87,43,52,69,93,65,60,65,36,85,41,71,Graphic Designer
64,64,78,73,49,20,96,72,84,76,39,66,77,51,75,Psychologist
82,93,69,50,54,72,64,66,88,62,81,95,30,54,78,Mechanical Engineer
97,71,73,41,57,86,78,53,97,44,86,89,34,37,75,Data Scientist
85,84,65,48,61,86,72,72,98,51,86,81,35,46,84,Data Scientist
79,79,85,75,59,40,84,71,66,71,36,65,59,56,76,Teacher
97,45,84,42,86,46,67,59,84,58,35,52,25,78,73,Accountant
68,63,65,57,94,46,96,94,85,86,79,40,56,83,92,Entrepreneur
68,67,86,64,60,38,85,60,89,86,34,33,49,81,60,Lawyer
89,63,75,41,99,42,55,30,91,62,62,46,31,80,61,Accountant
54,52,67,85,42,50,79,96,65,42,74,36,94,52,61,Graphic Designer
93,72,64,39,55,80,75,70,94,47,82,61,29,41,68,Software Engineer
81,92,80,52,32,34,79,60,88,71,42,96,33,41,91,Doctor
63,56,89,70,39,41,95,60,72,60,31,65,62,34,91,Psychologist
78,76,83,39,49,89,60,58,99,41,86,88,44,51,70,Software Engineer
87,99,71,30,42,36,86,46,80,71,48,99,20,50,86,Doctor
96,89,62,51,62,72,70,72,98,45,80,75,28,50,68,Mechanical Engineer
59,63,90,63,40,19,83,79,85,77,40,83,61,43,94,Psychologist
84,85,71,53,57,90,70,60,82,49,92,90,28,55,55,Data Scientist
72,96,80,39,56,37,94,69,72,60,62,95,24,49,67,Doctor
66,71,83,64,91,66,77,91,72,83,55,52,66,80,73,Entrepreneur
68,79,77,61,62,38,94,67,74,87,51,60,69,34,64,Teacher
62,72,97,62,74,33,90,74,79,70,31,31,62,85,77,Lawyer
53,37,71,96,43,54,79,88,50,54,74,32,95,62,73,Graphic Designer
59,74,84,40,75,23,86,63,79,85,27,47,48,64,70,Lawyer
99,50,63,25,85,53,60,58,86,47,47,53,29,83,71,Accountant
82,61,61,50,89,36,63,54,94,59,42,46,46,85,70,Accountant
88,79,68,50,41,77,73,51,98,73,87,86,31,38,85,Software Engineer
84,51,76,47,88,48,79,50,87,53,47,43,27,88,67,Accountant
60,79,84,64,58,48,96,74,76,77,52,51,72,56,58,Teacher
57,58,75,82,43,62,66,92,61,46,68,20,85,35,60,Graphic Designer
95,78,84,35,61,78,62,60,98,56,91,82,31,63,79,Software Engineer
73,99,67,38,44,37,72,67,93,76,40,91,29,39,87,Doctor
67,64,94,56,62,15,93,76,68,84,54,68,61,50,86,Psychologist
93,63,67,48,91,31,57,50,87,49,52,30,24,95,66,Accountant
70,88,82,35,42,31,88,65,86,64,66,92,34,38,67,Doctor
84,89,74,55,52,30,75,45,74,89,69,99,44,25,84,Doctor
75,88,83,57,54,21,86,40,82,71,67,91,48,54,66,Doctor
95,65,63,40,82,30,71,34,77,63,45,44,21,99,81,Accountant
72,50,67,73,80,50,95,84,75,95,74,44,56,98,73,Entrepreneur
71,57,95,51,58,19,86,78,87,86,54,49,53,67,72,Lawyer
76,60,95,60,63,18,88,68,79,86,40,38,42,87,89,Lawyer
64,53,85,48,72,16,85,65,82,70,36,48,57,89,78,Lawyer
90,71,69,35,59,93,58,61,80,56,84,74,47,36,73,Software Engineer
64,60,88,55,59,44,91,76,62,92,49,69,56,59,59,Teacher
85,88,79,49,46,94,78,58,85,72,97,82,41,44,72,Software Engineer
78,66,97,40,63,24,95,65,90,68,48,48,47,62,81,Lawyer
89,73,66,45,55,88,72,65,92,55,89,82,34,55,75,Data Scientist
69,58,88,67,54,21,86,65,87,67,30,84,58,57,69,Psychologist
77,57,92,65,65,24,83,64,86,72,44,34,68,79,74,Lawyer
55,50,86,55,77,34,93,75,81,69,31,41,58,64,66,Lawyer
95,55,73,30,95,46,64,58,95,66,60,42,32,76,55,Accountant
52,42,56,98,48,57,60,93,65,48,68,33,88,36,59,Graphic Designer
63,67,94,56,45,31,91,80,67,86,37,45,66,54,74,Teacher
86,85,61,55,56,34,80,61,94,64,48,93,33,32,75,Doctor
86,55,73,54,81,51,71,31,89,51,37,52,25,95,80,Accountant
60,67,93,68,77,16,85,74,76,72,34,42,66,60,64,Lawyer
79,59,88,54,42,20,89,79,71,81,43,68,58,58,65,Teacher
63,58,73,86,42,53,67,94,48,58,77,37,98,52,54,Graphic Designer
69,66,97,58,54,39,88,73,69,68,51,61,66,57,76,Psychologist
71,79,93,62,61,37,95,84,85,82,32,68,78,41,76,Psychologist
78,60,89,47,57,33,83,67,78,85,46,49,69,72,68,Lawyer
86,89,83,42,43,41,85,52,87,77,66,93,47,25,92,Doctor
87,95,78,47,38,44,91,67,92,89,44,94,36,44,77,Doctor
60,58,57,83,55,50,71,96,46,40,73,30,99,53,72,Graphic Designer
83,85,80,45,38,47,74,44,75,65,47,98,20,40,79,Doctor
74,72,67,72,84,40,95,94,75,83,73,56,72,89,91,Entrepreneur
63,49,71,90,44,38,76,98,69,41,56,35,94,51,71,Graphic Designer
65,67,85,66,48,34,82,74,75,62,42,67,77,37,77,Psychologist
68,41,69,87,53,36,60,96,58,63,77,27,99,41,77,Graphic Designer
96,82,72,54,65,92,74,67,82,62,87,72,31,39,68,Software Engineer
81,80,71,59,47,77,74,68,95,45,97,70,25,56,86,Software Engineer
77,64,81,60,69,25,92,74,84,74,41,34,40,78,71,Lawyer
88,88,75,58,53,28,93,48,77,88,44,89,36,48,91,Doctor
84,97,60,30,44,45,72,53,91,69,42,88,37,47,68,Doctor
83,94,74,53,59,38,77,49,82,63,50,86,49,43,88,Doctor
64,69,82,71,59,37,93,82,70,76,53,61,65,45,83,Psychologist
44,43,66,87,44,48,79,99,47,48,77,46,89,35,60,Graphic Designer
68,69,77,50,59,26,92,67,64,93,47,60,63,44,68,Teacher
94,86,65,44,57,24,94,63,94,82,44,88,49,37,88,Doctor
54,41,77,98,51,57,72,94,47,61,63,42,93,42,63,Graphic Designer
77,53,80,54,81,48,88,76,89,89,76,55,54,81,70,Entrepreneur
55,65,80,59,64,28,81,60,69,67,34,80,73,32,82,Psychologist
90,77,79,42,63,86,78,41,88,49,98,82,41,53,85,Software Engineer
87,62,80,52,94,57,61,30,80,67,50,53,40,88,62,Accountant
76,83,63,32,63,96,59,44,83,70,93,70,38,43,73,Software Engineer
77,78,82,67,49,42,80,85,75,79,34,62,73,42,60,Teacher
56,62,69,89,62,43,78,91,64,69,62,21,86,55,57,Graphic Designer
84,52,76,64,96,41,83,96,72,87,58,60,49,96,89,Entrepreneur
65,64,81,73,58,42,84,71,76,90,32,70,56,48,56,Teacher
62,67,78,77,59,24,90,73,69,72,39,76,70,30,76,Psychologist
75,56,65,57,73,59,96,86,83,94,63,56,74,86,70,Entrepreneur
72,71,95,61,50,40,90,73,67,80,32,74,79,59,73,Psychologist
66,60,79,75,45,23,83,66,77,75,51,79,71,49,66,Psychologist
66,71,87,73,57,46,95,72,75,93,56,56,60,31,61,Teacher
87,96,69,36,44,34,81,68,89,74,42,97,38,31,81,Doctor
61,73,80,65,54,33,92,81,72,89,30,66,58,45,72,Teacher
91,93,65,35,48,66,79,70,87,40,75,86,23,35,66,Data Scientist
91,74,84,39,53,75,51,59,77,44,99,62,22,35,66,Software Engineer
84,93,64,37,64,85,76,57,87,59,95,86,42,43,71,Software Engineer
79,73,82,70,62,38,98,70,74,77,32,49,55,59,55,Teacher
83,88,72,30,52,37,82,42,77,77,41,88,25,50,91,Doctor
99,50,64,46,83,48,69,50,79,74,45,47,29,90,58,Accountant
79,66,82,52,91,54,77,90,84,91,83,36,64,99,77,Entrepreneur
84,65,77,44,90,31,61,59,89,71,43,56,21,78,81,Accountant
84,67,76,43,97,53,77,41,92,49,47,33,37,94,63,Accountant
86,91,80,48,64,86,58,72,80,49,80,77,22,40,86,Software Engineer
48,62,74,98,39,47,71,89,69,46,52,32,95,44,79,Graphic Designer
88,90,61,47,43,25,81,59,90,86,47,87,24,41,90,Doctor
95,87,67,53,42,67,60,64,98,42,95,77,40,37,72,Data Scientist
66,51,81,49,79,60,94,89,77,93,71,41,68,83,92,Entrepreneur
71,66,99,60,45,20,99,64,77,60,40,78,65,51,66,Psychologist
57,54,87,45,59,35,91,60,77,86,47,54,46,73,68,Lawyer
76,69,97,76,60,40,81,68,63,81,31,69,78,58,58,Teacher
52,62,69,84,59,64,75,95,45,43,55,42,91,60,65,Graphic Designer
84,79,87,61,54,29,81,86,69,89,39,67,56,42,64,Teacher
87,52,76,54,85,41,60,44,85,54,63,31,40,80,73,Accountant
56,76,76,72,60,31,93,71,82,84,41,75,64,33,66,Psychologist
89,71,76,43,65,84,58,67,99,57,88,94,32,58,69,Data Scientist
88,71,84,30,64,99,76,74,85,57,93,62,21,49,74,Software Engineer
69,79,82,54,61,24,88,75,66,74,35,45,70,53,68,Teacher
46,57,73,93,49,55,65,94,64,42,62,38,89,52,52,Graphic Designer
60,69,95,63,55,35,86,74,86,69,35,82,56,43,80,Psychologist
96,85,58,39,56,55,73,72,91,58,96,81,27,37,82,Mechanical Engineer
75,53,87,43,56,32,97,68,79,76,32,51,56,71,88,Lawyer
78,89,66,40,35,71,74,76,76,54,86,96,30,51,78,Mechanical Engineer
67,65,92,60,60,41,96,83,81,68,44,62,77,53,76,Psychologist
98,77,73,39,50,73,70,74,92,49,84,99,39,43,82,Data Scientist
62,58,96,79,55,32,92,73,73,71,33,60,63,36,65,Psychologist
78,61,84,77,48,48,95,79,67,91,37,71,65,30,78,Teacher
85,98,68,59,42,55,60,63,88,69,93,87,20,59,63,Mechanical Engineer
84,94,59,31,42,46,51,67,99,48,86,88,39,34,55,Mechanical Engineer
45,39,73,88,58,64,70,87,46,42,76,25,87,50,57,Graphic Designer
81,56,74,54,95,32,68,52,75,60,61,53,42,80,81,Accountant
64,70,81,45,82,46,93,95,88,84,80,43,48,86,77,Entrepreneur
84,50,78,42,99,35,58,41,98,69,64,53,33,81,56,Accountant
71,90,65,34,32,46,76,42,82,86,62,86,43,26,82,Doctor
65,47,68,86,60,62,60,95,62,56,66,34,95,55,59,Graphic Designer
42,60,77,90,41,60,65,98,69,68,69,27,94,45,51,Graphic Designer
82,45,68,49,83,50,70,33,98,61,49,33,23,86,57,Accountant
92,85,79,37,52,83,76,79,97,47,75,91,43,43,64,Data Scientist
62,65,68,66,80,67,81,83,69,81,66,38,57,81,79,Entrepreneur
92,91,77,31,43,95,68,58,82,48,92,60,31,39,86,Software Engineer
81,98,80,38,37,28,82,69,80,68,59,92,29,33,91,Doctor
56,57,97,52,71,44,87,64,83,83,43,53,44,83,77,Lawyer
96,61,77,39,85,59,62,40,87,61,62,46,37,90,77,Accountant
44,36,67,87,52,38,65,93,49,43,53,26,98,46,64,Graphic Designer
86,83,70,51,41,51,62,74,87,64,84,99,33,45,67,Mechanical Engineer
68,54,71,89,50,54,75,88,59,55,76,44,87,47,72,Graphic Designer
57,71,95,66,38,41,80,69,71,75,41,65,55,40,77,Psychologist
66,63,74,91,45,38,63,99,40,66,56,46,94,60,69,Graphic Designer
86,93,63,44,49,93,79,56,81,65,81,75,48,35,60,Software Engineer
62,44,74,86,57,59,84,91,67,65,74,24,86,43,55,Graphic Designer
67,58,78,48,94,46,76,85,71,99,83,55,61,94,94,Entrepreneur
79,67,97,54,58,16,94,67,79,79,30,58,60,69,85,Lawyer
76,96,66,49,30,27,70,51,86,84,68,94,29,52,83,Doctor
83,68,79,65,78,63,81,98,89,87,56,37,66,81,92,Entrepreneur
86,69,84,56,57,99,68,41,90,67,85,83,44,64,67,Software Engineer
82,72,71,40,46,97,56,51,90,52,94,78,22,37,67,Software Engineer
81,90,74,33,37,58,53,75,83,55,80,83,44,37,69,Mechanical Engineer
89,95,77,50,44,45,85,68,77,76,41,85,34,44,71,Doctor
65,35,66,92,40,41,79,89,48,52,63,27,98,63,67,Graphic Designer
92,67,79,49,87,53,72,34,80,50,59,49,42,99,75,Accountant
55,36,62,85,44,36,78,88,45,52,50,24,92,62,56,Graphic Designer
82,98,73,50,48,64,59,67,93,46,84,88,43,50,77,Mechanical Engineer
87,51,82,38,87,40,57,34,92,49,47,34,21,87,82,Accountant
97,82,80,44,69,91,75,56,98,49,94,82,35,55,68,Software Engineer
85,98,82,56,42,45,88,54,87,62,54,99,24,37,88,Doctor
61,70,84,59,75,64,92,81,66,81,55,59,66,93,66,Entrepreneur
66,59,81,69,93,66,87,78,65,91,58,35,50,90,85,Entrepreneur
64,74,78,77,36,30,85,79,79,78,50,66,79,40,82,Psychologist
91,53,81,34,99,49,73,56,95,50,44,48,28,90,62,Accountant
77,53,72,48,88,58,96,76,75,82,55,44,65,92,67,Entrepreneur
71,55,92,68,56,22,83,78,60,74,56,50,67,38,71,Teacher
77,71,63,33,60,82,69,62,76,71,93,65,26,50,60,Software Engineer
92,80,69,33,42,63,60,62,84,73,84,76,31,50,74,Mechanical Engineer
72,70,93,57,55,39,96,57,84,78,31,59,49,84,88,Lawyer
84,93,67,37,61,81,69,41,83,56,97,83,35,34,79,Software Engineer
88,88,69,47,48,40,81,50,75,65,62,96,45,32,86,Doctor
78,86,82,30,49,33,83,57,82,63,57,87,43,28,70,Doctor
87,91,66,37,65,76,59,50,96,44,95,82,21,57,59,Data Scientist
86,93,77,32,51,30,92,53,86,78,61,88,24,53,92,Doctor
97,76,69,54,44,69,55,55,95,47,78,87,38,44,80,Data Scientist
80,54,76,45,86,32,79,34,86,54,37,45,25,90,78,Accountant
80,94,55,54,62,51,50,62,90,64,94,93,29,41,84,Mechanical Engineer
86,89,84,57,45,33,70,41,80,66,49,96,30,26,89,Doctor
60,64,78,66,46,44,80,80,78,79,40,50,76,53,55,Teacher
93,67,74,35,87,56,71,32,75,51,55,31,29,92,61,Accountant
65,71,97,64,56,36,96,57,90,71,27,54,54,63,84,Lawyer
60,72,96,56,60,27,90,73,79,66,44,37,54,88,68,Lawyer
86,94,57,40,60,71,64,67,98,66,92,88,41,38,78,Mechanical Engineer
75,84,54,31,56,63,65,63,92,61,86,95,36,50,74,Mechanical Engineer
58,54,59,88,54,59,79,85,66,67,76,35,95,51,69,Graphic Designer
79,75,95,59,47,40,81,78,56,81,46,62,71,44,57,Teacher
95,49,69,53,95,33,55,37,75,70,62,32,37,76,79,Accountant
64,71,91,58,72,18,92,57,75,70,28,57,43,72,69,Lawyer
83,95,73,50,60,53,61,65,75,50,92,98,47,52,56,Mechanical Engineer
99,70,59,51,52,91,67,46,80,46,91,65,42,37,74,Software Engineer
92,85,79,51,43,32,91,46,94,65,40,87,20,46,87,Doctor
98,95,61,44,41,74,55,59,89,71,82,96,28,59,77,Mechanical Engineer
82,67,69,43,88,47,57,38,96,71,62,40,28,79,74,Accountant
71,71,90,64,51,16,81,73,68,71,26,73,78,53,91,Psychologist
93,60,65,53,96,46,70,30,92,48,56,32,44,77,67,Accountant
52,74,80,57,60,37,94,64,65,84,49,76,74,41,84,Psychologist
81,78,51,31,38,46,50,71,82,62,88,76,46,56,58,Mechanical Engineer
76,98,62,41,57,67,56,75,76,52,98,93,37,31,84,Mechanical Engineer
92,69,79,32,46,80,76,42,94,52,90,86,40,31,67,Software Engineer
72,78,75,55,42,25,91,63,88,66,49,72,61,59,68,Psychologist
75,86,69,39,46,63,64,57,83,52,89,82,35,40,77,Mechanical Engineer
86,81,72,48,58,56,60,66,93,65,96,89,29,33,84,Mechanical Engineer
71,52,75,58,87,51,82,75,85,89,59,63,58,87,88,Entrepreneur
65,71,77,73,87,55,96,81,72,87,70,42,59,87,70,Entrepreneur
90,77,58,47,68,81,50,44,82,43,86,75,24,40,86,Software Engineer
86,85,68,37,50,75,55,57,92,43,98,99,38,54,60,Data Scientist
80,94,56,49,51,90,53,52,88,48,91,73,30,39,89,Software Engineer
71,85,61,44,43,44,85,50,81,68,46,95,38,48,68,Doctor
82,74,78,52,45,84,68,46,94,63,84,72,22,51,75,Software Engineer
71,97,72,43,57,31,94,67,90,79,41,86,33,46,71,Doctor
72,52,84,49,88,59,82,81,86,84,63,63,56,83,67,Entrepreneur
99,79,62,56,55,52,68,63,95,53,89,83,31,41,65,Mechanical Engineer
93,91,65,59,42,45,81,62,84,63,63,96,39,34,72,Doctor
81,67,72,63,88,41,80,92,81,96,79,51,59,86,69,Entrepreneur
97,85,71,54,64,63,56,61,99,50,88,96,37,35,84,Mechanical Engineer
79,86,60,39,51,73,70,62,84,56,81,82,25,30,67,Mechanical Engineer
79,72,88,62,70,30,87,62,93,82,26,31,62,83,69,Lawyer
96,78,75,38,57,91,70,72,88,66,89,94,40,62,69,Data Scientist
73,67,82,58,63,22,87,70,65,70,29,82,69,58,88,Psychologist
59,59,96,59,56,37,90,69,86,62,46,68,76,51,69,Psychologist
72,51,80,46,70,27,97,61,87,71,53,59,43,84,76,Lawyer
88,90,76,59,47,28,70,40,78,78,45,96,38,42,91,Doctor
57,64,81,56,57,16,98,71,83,83,36,72,70,37,74,Psychologist
84,74,71,28,50,88,60,79,91,50,83,98,39,47,77,Data Scientist
71,77,83,59,43,25,98,82,66,87,50,47,72,31,73,Teacher
72,56,78,65,95,40,87,92,81,87,62,42,73,96,84,Entrepreneur
94,71,64,52,56,92,76,61,96,59,90,68,27,37,88,Software Engineer
96,64,65,26,82,49,60,59,93,45,56,53,35,82,70,Accountant
78,98,71,49,34,21,77,67,93,82,46,91,27,44,86,Doctor
80,84,62,37,68,89,57,56,92,57,98,86,22,44,80,Data Scientist
80,99,76,39,30,47,77,54,74,81,59,88,45,37,89,Doctor
43,60,55,87,42,48,80,95,53,51,77,21,91,38,73,Graphic Designer
83,56,95,68,59,47,89,88,66,71,54,51,55,40,73,Teacher
68,64,92,55,50,19,87,71,86,79,37,76,64,31,82,Psychologist
72,60,75,58,50,35,93,74,73,88,37,60,66,35,57,Teacher
65,57,67,87,36,64,63,92,66,65,50,30,92,47,65,Graphic Designer
68,63,59,92,51,61,83,99,54,45,67,46,90,50,58,Graphic Designer
93,50,78,48,98,48,66,42,80,61,35,40,46,79,80,Accountant
59,72,95,64,64,36,98,72,73,68,32,72,61,50,90,Psychologist
97,68,83,25,86,37,61,56,86,47,38,34,49,75,64,Accountant
86,94,56,34,55,72,63,62,99,47,88,84,40,43,56,Data Scientist
88,66,81,35,94,35,71,30,83,70,64,47,40,99,60,Accountant
99,90,60,30,49,73,57,54,96,40,84,79,20,61,82,Data Scientist
59,36,69,97,63,64,81,90,62,68,61,26,99,63,61,Graphic Designer
92,89,74,32,53,41,70,46,78,60,62,86,36,53,81,Doctor
96,64,84,40,95,39,70,43,89,54,36,30,28,96,56,Accountant
99,98,56,32,45,74,70,55,76,53,82,79,23,37,81,Mechanical Engineer
81,59,91,60,46,37,81,67,63,70,57,72,78,47,69,Teacher
78,47,78,59,88,40,97,78,79,94,57,39,72,80,80,Entrepreneur
60,60,77,93,51,45,83,85,40,59,64,21,96,47,74,Graphic Designer
87,72,68,38,56,90,55,53,85,64,89,95,32,57,63,Data Scientist
90,92,58,36,58,62,61,59,88,69,93,77,26,58,70,Mechanical Engineer
99,86,61,30,60,83,66,40,76,49,89,89,20,60,62,Software Engineer
81,83,83,32,48,91,58,72,80,68,84,76,37,48,78,Software Engineer
83,72,56,45,56,70,56,61,91,64,95,92,23,40,74,Data Scientist
92,85,67,50,55,81,54,72,95,42,89,88,30,51,76,Software Engineer
63,72,90,69,62,32,81,79,61,78,55,74,73,37,75,Teacher
83,60,72,36,84,32,74,31,98,49,35,43,34,78,66,Accountant
92,96,78,59,50,23,74,42,88,72,67,96,45,37,88,Doctor
44,59,73,88,52,42,60,98,48,46,59,36,95,51,63,Graphic Designer
60,54,96,46,79,39,82,74,73,88,52,52,47,80,72,Lawyer
90,67,78,42,97,48,61,37,89,60,54,48,30,81,73,Accountant
61,73,72,62,95,41,95,78,81,93,62,38,71,95,73,Entrepreneur
95,85,71,41,46,73,77,53,94,50,80,75,41,64,80,Data Scientist
93,63,64,40,86,53,68,51,96,49,64,49,35,81,80,Accountant
71,63,87,56,59,44,84,80,74,87,54,56,78,51,55,Teacher
81,81,56,37,40,91,72,52,86,42,89,86,30,47,78,Data Scientist
83,75,56,36,55,71,71,63,88,52,92,99,31,47,70,Data Scientist
81,51,66,48,93,52,69,46,83,48,64,45,33,75,80,Accountant
94,85,78,57,43,36,85,58,86,89,51,93,40,28,72,Doctor
69,68,80,59,39,34,91,83,72,80,31,75,72,45,83,Psychologist
68,67,92,66,46,26,98,66,70,94,57,69,76,52,56,Teacher
63,62,94,56,54,22,85,72,67,66,30,64,70,51,67,Psychologist
59,61,99,65,42,33,84,75,65,84,50,82,73,58,86,Psychologist
89,67,74,49,54,98,57,49,88,74,88,83,39,39,80,Software Engineer
49,54,58,86,44,37,64,88,56,59,79,42,95,39,78,Graphic Designer
46,43,66,85,40,62,68,90,46,43,78,48,89,58,62,Graphic Designer
54,48,71,92,45,44,76,97,51,62,51,20,99,61,68,Graphic Designer
94,78,66,29,56,81,68,56,98,47,96,80,25,40,73,Data Scientist
77,63,89,40,73,25,92,66,94,87,29,48,47,71,64,Lawyer
91,91,68,33,49,71,63,64,99,54,98,85,37,36,82,Data Scientist
56,45,76,85,48,40,73,99,68,58,52,36,88,41,66,Graphic Designer
83,50,83,46,96,61,88,77,71,90,69,64,62,83,67,Entrepreneur
94,51,81,32,91,35,68,57,79,48,58,54,49,99,81,Accountant
76,63,76,64,49,29,83,71,56,78,34,54,63,54,62,Teacher
50,68,99,72,54,30,98,61,73,72,42,79,56,36,94,Psychologist
71,72,79,69,35,30,92,75,66,84,50,76,58,38,84,Psychologist
67,58,84,65,64,49,87,80,77,76,53,72,66,36,71,Teacher
98,74,58,45,57,69,61,75,92,69,90,85,22,38,71,Data Scientist
75,71,70,53,43,90,56,64,89,48,90,66,40,52,62,Software Engineer
87,68,55,51,44,90,68,48,99,61,88,61,20,39,62,Software Engineer
73,59,90,62,60,23,95,57,85,82,43,45,43,64,81,Lawyer
94,78,56,40,49,89,60,72,80,59,87,78,40,46,73,Software Engineer
72,90,61,33,34,25,78,49,74,77,46,94,30,41,72,Doctor
86,98,67,48,58,60,69,56,94,50,93,98,22,50,73,Mechanical Engineer
72,75,79,54,49,32,89,72,56,71,51,63,64,44,81,Teacher
69,65,98,77,44,33,80,83,78,68,29,71,74,47,81,Psychologist
94,71,73,54,68,77,70,68,92,57,85,87,49,43,85,Software Engineer
68,73,74,61,72,59,83,75,88,98,68,42,62,85,66,Entrepreneur
66,56,88,71,40,27,96,83,60,83,37,55,68,39,71,Teacher
72,69,76,56,43,40,92,74,88,78,31,76,70,33,68,Psychologist
83,61,77,56,70,45,80,90,87,93,61,60,47,82,79,Entrepreneur
78,76,88,74,47,23,94,69,58,81,35,72,62,35,59,Teacher
96,73,77,34,64,76,71,50,82,69,80,79,31,45,75,Data Scientist
74,72,77,60,47,33,93,81,77,74,46,78,72,41,72,Psychologist
91,73,69,33,64,92,69,51,95,62,75,90,34,55,82,Data Scientist
74,72,98,65,79,37,93,76,75,72,49,59,58,62,83,Lawyer
54,65,98,67,61,20,89,79,67,62,25,61,79,34,92,Psychologist
73,71,90,53,66,22,94,77,70,70,36,54,48,77,67,Lawyer
92,56,65,53,93,35,66,47,97,73,63,49,30,76,66,Accountant
86,47,79,53,90,55,67,57,95,47,47,57,27,83,61,Accountant
80,72,64,37,58,78,77,60,97,50,89,99,23,45,60,Data Scientist
69,59,90,56,59,40,88,72,83,83,33,62,55,47,94,Psychologist
63,45,77,54,81,59,76,80,88,89,64,37,50,94,76,Entrepreneur
63,70,98,55,63,38,97,62,78,76,48,73,75,54,72,Psychologist
89,57,71,31,95,51,63,34,96,48,43,47,49,88,55,Accountant
91,92,79,40,43,68,64,63,99,57,77,80,37,43,80,Data Scientist
98,91,51,34,51,55,59,77,93,50,89,85,26,45,75,Mechanical Engineer
66,57,82,54,75,20,87,66,82,85,41,46,68,86,81,Lawyer
50,77,82,55,45,30,86,74,71,65,28,63,64,51,92,Psychologist
99,80,74,41,53,68,55,70,84,41,84,92,28,52,59,Data Scientist
95,76,72,32,48,56,74,78,99,53,92,84,49,35,59,Mechanical Engineer
66,47,55,99,35,36,75,99,64,41,79,31,87,49,65,Graphic Designer
89,76,67,33,36,74,62,75,92,64,83,77,45,36,56,Mechanical Engineer
88,90,67,47,58,72,65,72,87,57,98,91,29,56,84,Data Scientist
77,63,97,72,59,29,95,85,66,75,43,66,62,44,64,Teacher
50,63,93,64,55,25,93,75,71,68,37,66,55,52,71,Psychologist
79,74,91,58,75,25,83,67,83,74,40,49,59,65,71,Lawyer
97,85,55,46,63,63,62,75,79,49,98,89,46,33,60,Mechanical Engineer
84,86,82,58,47,32,71,47,93,64,61,95,42,39,89,Doctor
65,55,92,55,57,49,83,89,68,72,43,49,68,48,62,Teacher
71,55,71,69,94,61,99,82,74,82,60,45,48,91,67,Entrepreneur
73,69,77,64,77,53,92,78,87,83,63,36,58,91,86,Entrepreneur
89,94,70,52,38,36,89,49,73,63,55,85,42,48,93,Doctor
86,93,57,41,59,81,74,60,97,63,80,88,24,49,84,Data Scientist
82,83,77,41,46,78,64,77,95,69,88,88,42,44,69,Data Scientist
69,69,94,61,46,28,91,79,80,83,35,81,72,30,90,Psychologist
89,82,65,30,62,90,60,68,89,57,87,90,37,37,69,Data Scientist
71,64,89,63,49,29,95,83,72,78,37,73,57,34,88,Psychologist
76,65,91,56,56,15,95,59,90,81,51,46,63,67,74,Lawyer
84,76,85,70,54,25,94,89,70,70,52,52,74,58,62,Teacher
82,73,57,55,45,94,58,73,77,53,92,73,33,46,74,Software Engineer
94,51,62,47,95,58,70,43,94,66,52,49,29,78,68,Accountant
66,45,68,62,95,64,77,96,71,97,55,52,68,88,72,Entrepreneur
76,68,69,37,69,89,74,63,83,51,83,73,30,61,78,Software Engineer
53,62,62,96,61,57,66,86,52,64,61,34,97,62,65,Graphic Designer
74,98,77,53,48,28,90,42,86,63,46,87,28,45,92,Doctor
88,83,63,37,54,54,58,76,81,54,89,82,36,49,60,Mechanical Engineer
69,52,72,64,86,54,85,90,86,95,55,58,64,80,89,Entrepreneur
82,56,78,29,93,55,62,50,87,52,38,59,46,90,77,Accountant
99,50,81,31,91,55,61,55,87,62,39,46,34,76,76,Accountant
44,63,66,96,55,63,80,90,63,56,77,44,95,59,66,Graphic Designer
83,91,71,58,36,34,84,51,70,87,64,94,27,54,86,Doctor
60,65,91,67,76,20,94,58,94,69,41,33,65,70,78,Lawyer
71,70,66,54,96,65,83,81,77,91,71,38,51,88,84,Entrepreneur
78,79,94,64,45,33,89,83,65,83,48,49,65,57,73,Teacher
91,98,62,44,57,36,72,48,76,79,68,98,31,31,93,Doctor
67,59,95,54,57,30,95,81,58,77,38,59,76,56,80,Teacher
60,61,65,90,49,62,62,91,40,55,76,48,95,44,64,Graphic Designer
81,66,87,51,64,21,88,86,75,93,47,60,68,30,68,Teacher
78,94,64,54,53,40,82,46,71,85,49,91,24,30,73,Doctor
46,53,57,97,55,61,76,95,51,53,53,31,96,61,69,Graphic Designer
79,56,89,52,49,44,81,72,55,84,33,47,67,39,56,Teacher
54,77,93,69,51,31,82,78,69,83,46,67,77,30,78,Psychologist
86,68,82,27,88,43,56,54,77,63,44,31,32,88,73,Accountant
84,89,78,30,46,84,67,63,86,60,85,86,37,59,72,Data Scientist
82,67,88,53,64,43,88,69,65,85,41,61,62,41,62,Teacher
75,63,88,57,97,40,86,75,78,92,70,63,69,84,91,Entrepreneur
72,55,99,55,55,23,81,69,88,88,33,38,44,63,64,Lawyer
60,36,69,95,35,37,69,88,62,62,78,35,93,38,68,Graphic Designer
71,97,70,55,58,34,76,58,74,78,49,99,20,41,74,Doctor
64,69,90,50,47,44,99,69,61,79,45,49,74,53,81,Teacher
75,90,68,39,52,33,84,46,89,64,46,92,41,48,78,Doctor
50,58,98,64,59,15,81,71,80,62,48,68,57,57,84,Psychologist
96,67,78,55,42,89,64,66,82,54,87,78,23,30,84,Software Engineer
87,88,59,36,42,81,73,55,98,64,87,83,37,48,62,Data Scientist
61,63,66,49,74,64,96,76,81,86,77,44,66,94,93,Entrepreneur
98,83,56,44,57,75,65,77,97,40,82,75,43,43,76,Data Scientist
90,73,76,32,65,82,65,51,83,49,99,94,31,64,72,Data Scientist
55,50,61,80,63,50,79,86,66,66,76,41,89,36,66,Graphic Designer
63,45,72,97,48,59,81,91,67,44,66,27,97,51,64,Graphic Designer
57,56,83,45,69,25,93,72,91,80,48,46,66,76,76,Lawyer
78,50,80,61,61,36,83,78,93,80,42,43,68,72,74,Lawyer
79,85,74,56,56,47,52,64,84,64,84,83,29,40,56,Mechanical Engineer
92,94,67,41,44,79,59,68,81,48,85,81,44,53,55,Data Scientist
64,79,84,70,52,31,84,76,72,72,51,48,65,48,75,Teacher
87,72,57,48,40,68,77,54,92,52,77,82,40,40,55,Data Scientist
84,87,67,43,54,87,72,53,81,63,86,80,43,49,76,Data Scientist
62,64,82,50,62,26,88,77,78,91,45,66,60,50,68,Teacher
50,58,84,67,53,40,82,82,75,61,32,61,79,38,89,Psychologist
77,79,74,33,58,90,59,71,78,74,84,71,38,56,62,Software Engineer
99,84,65,39,59,74,65,56,98,66,82,76,23,58,74,Data Scientist
43,61,59,93,60,64,74,96,62,51,74,47,95,62,69,Graphic Designer
84,82,57,29,40,79,77,51,93,57,98,77,20,56,69,Data Scientist
80,69,65,32,51,97,55,59,99,71,99,84,22,30,60,Software Engineer
73,96,61,54,49,40,87,54,78,75,47,98,42,36,71,Doctor
90,50,65,35,84,40,58,37,98,55,44,40,38,98,75,Accountant
70,52,90,55,59,30,93,68,79,81,47,46,47,74,82,Lawyer
91,95,63,47,40,20,80,48,71,81,63,91,44,33,84,Doctor
78,73,71,48,84,42,95,78,65,85,75,57,68,82,84,Entrepreneur
50,63,55,98,36,37,76,90,46,50,75,42,86,53,69,Graphic Designer
98,86,73,37,35,57,74,64,78,53,86,93,48,55,64,Mechanical Engineer
67,36,56,82,43,56,76,94,58,44,53,24,85,51,67,Graphic Designer
71,72,93,47,65,22,98,72,94,72,40,55,60,75,69,Lawyer
75,71,68,58,58,89,65,54,88,56,96,66,46,60,64,Software Engineer
68,53,88,55,76,53,88,98,75,83,61,61,52,99,80,Entrepreneur
61,57,55,98,48,43,80,86,69,42,71,47,87,47,76,Graphic Designer
63,52,90,60,61,43,90,72,88,82,50,52,64,87,74,Lawyer
60,61,76,73,49,15,99,83,83,76,50,60,60,36,78,Psychologist
87,91,84,45,52,36,92,40,81,61,48,87,43,25,89,Doctor
63,59,75,89,58,54,69,88,64,46,54,26,99,64,77,Graphic Designer
63,72,88,45,76,59,88,85,83,92,62,39,66,97,78,Entrepreneur
86,87,62,58,42,80,61,43,76,40,98,86,37,50,84,Software Engineer
89,74,67,46,51,82,65,50,81,41,87,83,42,50,75,Data Scientist
96,86,55,31,60,62,72,67,90,72,92,99,36,53,58,Mechanical Engineer
65,62,91,51,61,24,93,65,74,77,54,56,71,31,57,Teacher
91,94,70,48,56,44,93,48,79,81,66,97,43,25,65,Doctor
77,80,65,44,65,95,76,71,82,46,86,80,45,57,69,Software Engineer
80,57,88,63,87,57,78,81,82,92,61,59,72,91,87,Entrepreneur
82,67,67,36,45,77,67,71,91,49,92,82,22,42,61,Software Engineer
97,59,67,45,84,51,73,47,86,63,63,50,45,99,59,Accountant
91,75,66,32,45,81,69,67,93,74,99,78,32,33,65,Software Engineer
42,42,68,87,63,53,74,88,52,61,78,32,95,35,58,Graphic Designer
76,90,66,32,40,47,55,73,89,70,97,76,39,59,73,Mechanical Engineer
96,90,84,50,49,80,60,73,85,47,94,73,25,58,68,Software Engineer
78,98,70,37,41,39,70,68,85,67,56,96,28,34,73,Doctor
94,94,54,44,52,47,72,69,89,72,89,86,31,54,84,Mechanical Engineer
76,56,72,51,79,68,84,75,81,80,58,57,68,93,73,Entrepreneur
97,52,68,30,85,31,59,36,98,59,42,50,24,96,74,Accountant
75,70,99,55,53,26,80,87,76,70,45,56,55,30,76,Teacher
94,98,60,34,46,74,70,63,84,66,83,89,26,37,69,Mechanical Engineer
85,84,52,46,49,54,71,69,90,64,85,86,27,43,58,Mechanical Engineer
86,74,77,36,64,80,69,61,92,65,92,68,42,30,63,Software Engineer
96,87,77,52,53,90,58,55,95,60,85,89,27,41,81,Data Scientist
98,70,60,42,56,78,74,62,94,64,82,93,27,56,75,Data Scientist
60,38,70,98,42,56,76,94,61,63,79,35,88,52,69,Graphic Designer
83,65,92,79,41,39,98,89,61,70,55,48,57,33,65,Teacher
77,55,96,56,48,22,96,86,59,73,43,54,64,52,59,Teacher
80,73,89,52,52,24,83,79,78,70,39,47,59,49,70,Teacher
69,79,83,68,59,32,93,69,60,79,35,72,64,30,70,Teacher
